{"cameraMode":{"drawMode":0,"name":"Shaded","section":"Shading Mode"},"sceneLighting":true,"audioPlay":false,"sceneViewState":{"showFog":true,"showMaterialUpdate":false,"showSkybox":false,"showFlares":true,"showImageEffects":true,"showParticleSystems":true},"in2DMode":false,"pivot":{"x":15.206413269042969,"y":47.19317626953125,"z":176.730712890625},"rotation":{"x":0.03426939994096756,"y":0.95956951379776,"z":0.24520620703697205,"w":-0.13388772308826447},"size":409.60247802734377,"orthographic":false}